id;grn_number;grn_date;po_number
1;Unbranded Cotton Table Generic B2B;2019-08-19;withdrawal
2;one-to-one Indiana;2019-08-19;Engineer Architect
3;Beauty dynamic schemas;2019-08-18;clear-thinking Frozen Licensed
4;Group hard drive Personal Loan Account;2019-08-18;Accountability
5;Aruba Chair portals;2019-08-18;Ways Liaison engage
6;disintermediate Assistant generating;2019-08-18;Bypass
7;Plastic Movies;2019-08-19;New Taiwan Dollar Zimbabwe parse
8;Monaco input Accounts;2019-08-18;Ergonomic Falls
9;User-friendly;2019-08-19;white SMTP
10;Checking Account global Steel;2019-08-18;Kyrgyz Republic transmit
